[{"model": "contenttypes.contenttype", "pk": 1, "fields": {"app_label": "admin", "model": "logentry"}}, {"model": "contenttypes.contenttype", "pk": 2, "fields": {"app_label": "auth", "model": "permission"}}, {"model": "contenttypes.contenttype", "pk": 3, "fields": {"app_label": "auth", "model": "group"}}, {"model": "contenttypes.contenttype", "pk": 4, "fields": {"app_label": "auth", "model": "user"}}, {"model": "contenttypes.contenttype", "pk": 5, "fields": {"app_label": "contenttypes", "model": "contenttype"}}, {"model": "contenttypes.contenttype", "pk": 6, "fields": {"app_label": "sessions", "model": "session"}}, {"model": "contenttypes.contenttype", "pk": 7, "fields": {"app_label": "blog", "model": "blogtype"}}, {"model": "contenttypes.contenttype", "pk": 8, "fields": {"app_label": "blog", "model": "blog"}}, {"model": "contenttypes.contenttype", "pk": 9, "fields": {"app_label": "blog", "model": "readnum"}}, {"model": "contenttypes.contenttype", "pk": 10, "fields": {"app_label": "read_statistics", "model": "readnum"}}, {"model": "contenttypes.contenttype", "pk": 11, "fields": {"app_label": "read_statistics", "model": "readdetail"}}, {"model": "contenttypes.contenttype", "pk": 12, "fields": {"app_label": "comment", "model": "comment"}}, {"model": "contenttypes.contenttype", "pk": 13, "fields": {"app_label": "likes", "model": "likecount"}}, {"model": "contenttypes.contenttype", "pk": 14, "fields": {"app_label": "likes", "model": "likerecord"}}, {"model": "contenttypes.contenttype", "pk": 15, "fields": {"app_label": "user", "model": "profile"}}, {"model": "sessions.session", "pk": "4x1jhbchqftsuqdqjrr83q0o21kw2lk3", "fields": {"session_data": "YTEyN2RlMTRiMWQ4Y2JmNzUyOGU0YmVjNjcxYWQzODMzZTNhNzQ0Yjp7Il9hdXRoX3VzZXJfaWQiOiIzIiwiX2F1dGhfdXNlcl9iYWNrZW5kIjoiZGphbmdvLmNvbnRyaWIuYXV0aC5iYWNrZW5kcy5Nb2RlbEJhY2tlbmQiLCJfYXV0aF91c2VyX2hhc2giOiJiMjNiNjIyNmVkYTU1OTFjZmZmMWRjM2I5OGQwNTVlY2ZiOTM3NzkzIn0=", "expire_date": "2020-04-10T05:10:08.636"}}, {"model": "sessions.session", "pk": "5n2bltwkhjzi0bdw364clyxa38fwp054", "fields": {"session_data": "OWQyNjM5YjM1MGVmNjcxNzgzNDRkMTE1NGE4NGQ5YzVjMzk1NTI1Mjp7Il9hdXRoX3VzZXJfaWQiOiIxIiwiX2F1dGhfdXNlcl9iYWNrZW5kIjoiZGphbmdvLmNvbnRyaWIuYXV0aC5iYWNrZW5kcy5Nb2RlbEJhY2tlbmQiLCJfYXV0aF91c2VyX2hhc2giOiJhZDUwYWY0YjgxYTE4M2NlOWY1M2Y0Y2FkNDU3OTU5MTY5ZmIyMTRlIn0=", "expire_date": "2020-04-08T02:32:55.410"}}, {"model": "sessions.session", "pk": "5wds836b64xnrdl5rvdp139fv60385xj", "fields": {"session_data": "OWQyNjM5YjM1MGVmNjcxNzgzNDRkMTE1NGE4NGQ5YzVjMzk1NTI1Mjp7Il9hdXRoX3VzZXJfaWQiOiIxIiwiX2F1dGhfdXNlcl9iYWNrZW5kIjoiZGphbmdvLmNvbnRyaWIuYXV0aC5iYWNrZW5kcy5Nb2RlbEJhY2tlbmQiLCJfYXV0aF91c2VyX2hhc2giOiJhZDUwYWY0YjgxYTE4M2NlOWY1M2Y0Y2FkNDU3OTU5MTY5ZmIyMTRlIn0=", "expire_date": "2020-03-28T13:23:44.571"}}, {"model": "sessions.session", "pk": "6slujpkp276bu7tdhrkllouqglfgfn0c", "fields": {"session_data": "OWQyNjM5YjM1MGVmNjcxNzgzNDRkMTE1NGE4NGQ5YzVjMzk1NTI1Mjp7Il9hdXRoX3VzZXJfaWQiOiIxIiwiX2F1dGhfdXNlcl9iYWNrZW5kIjoiZGphbmdvLmNvbnRyaWIuYXV0aC5iYWNrZW5kcy5Nb2RlbEJhY2tlbmQiLCJfYXV0aF91c2VyX2hhc2giOiJhZDUwYWY0YjgxYTE4M2NlOWY1M2Y0Y2FkNDU3OTU5MTY5ZmIyMTRlIn0=", "expire_date": "2020-03-27T12:58:50.800"}}, {"model": "sessions.session", "pk": "h7vh4tjwx15zxzfb3ce02b5pifwvefbu", "fields": {"session_data": "OWQyNjM5YjM1MGVmNjcxNzgzNDRkMTE1NGE4NGQ5YzVjMzk1NTI1Mjp7Il9hdXRoX3VzZXJfaWQiOiIxIiwiX2F1dGhfdXNlcl9iYWNrZW5kIjoiZGphbmdvLmNvbnRyaWIuYXV0aC5iYWNrZW5kcy5Nb2RlbEJhY2tlbmQiLCJfYXV0aF91c2VyX2hhc2giOiJhZDUwYWY0YjgxYTE4M2NlOWY1M2Y0Y2FkNDU3OTU5MTY5ZmIyMTRlIn0=", "expire_date": "2020-03-19T17:46:52.390"}}, {"model": "sessions.session", "pk": "rnc6aqo80sae87mkjjd2stp59afl11te", "fields": {"session_data": "OWQyNjM5YjM1MGVmNjcxNzgzNDRkMTE1NGE4NGQ5YzVjMzk1NTI1Mjp7Il9hdXRoX3VzZXJfaWQiOiIxIiwiX2F1dGhfdXNlcl9iYWNrZW5kIjoiZGphbmdvLmNvbnRyaWIuYXV0aC5iYWNrZW5kcy5Nb2RlbEJhY2tlbmQiLCJfYXV0aF91c2VyX2hhc2giOiJhZDUwYWY0YjgxYTE4M2NlOWY1M2Y0Y2FkNDU3OTU5MTY5ZmIyMTRlIn0=", "expire_date": "2020-03-25T11:38:50.179"}}, {"model": "sessions.session", "pk": "swjodaycq8k1u48bs8a1pmy9cw56tgzh", "fields": {"session_data": "OWQyNjM5YjM1MGVmNjcxNzgzNDRkMTE1NGE4NGQ5YzVjMzk1NTI1Mjp7Il9hdXRoX3VzZXJfaWQiOiIxIiwiX2F1dGhfdXNlcl9iYWNrZW5kIjoiZGphbmdvLmNvbnRyaWIuYXV0aC5iYWNrZW5kcy5Nb2RlbEJhY2tlbmQiLCJfYXV0aF91c2VyX2hhc2giOiJhZDUwYWY0YjgxYTE4M2NlOWY1M2Y0Y2FkNDU3OTU5MTY5ZmIyMTRlIn0=", "expire_date": "2020-03-19T19:50:40.092"}}, {"model": "sessions.session", "pk": "xnl1e3inuk4yr5h229k9hfmuio0hllen", "fields": {"session_data": "OWQyNjM5YjM1MGVmNjcxNzgzNDRkMTE1NGE4NGQ5YzVjMzk1NTI1Mjp7Il9hdXRoX3VzZXJfaWQiOiIxIiwiX2F1dGhfdXNlcl9iYWNrZW5kIjoiZGphbmdvLmNvbnRyaWIuYXV0aC5iYWNrZW5kcy5Nb2RlbEJhY2tlbmQiLCJfYXV0aF91c2VyX2hhc2giOiJhZDUwYWY0YjgxYTE4M2NlOWY1M2Y0Y2FkNDU3OTU5MTY5ZmIyMTRlIn0=", "expire_date": "2020-03-08T19:23:03.527"}}, {"model": "blog.blogtype", "pk": 1, "fields": {"type_name": "Django"}}, {"model": "blog.blogtype", "pk": 2, "fields": {"type_name": "\u968f\u7b14"}}, {"model": "blog.blogtype", "pk": 3, "fields": {"type_name": "\u611f\u609f"}}, {"model": "read_statistics.readnum", "pk": 1, "fields": {"read_num": 25, "content_type": 8, "object_id": 36}}, {"model": "read_statistics.readnum", "pk": 2, "fields": {"read_num": 2, "content_type": 8, "object_id": 34}}, {"model": "read_statistics.readnum", "pk": 3, "fields": {"read_num": 3, "content_type": 8, "object_id": 32}}, {"model": "read_statistics.readnum", "pk": 4, "fields": {"read_num": 2, "content_type": 8, "object_id": 22}}, {"model": "read_statistics.readnum", "pk": 5, "fields": {"read_num": 3, "content_type": 8, "object_id": 35}}, {"model": "read_statistics.readnum", "pk": 6, "fields": {"read_num": 3, "content_type": 8, "object_id": 33}}, {"model": "read_statistics.readnum", "pk": 7, "fields": {"read_num": 3, "content_type": 8, "object_id": 31}}, {"model": "read_statistics.readnum", "pk": 8, "fields": {"read_num": 2, "content_type": 8, "object_id": 3}}, {"model": "read_statistics.readnum", "pk": 9, "fields": {"read_num": 2, "content_type": 8, "object_id": 4}}, {"model": "read_statistics.readnum", "pk": 10, "fields": {"read_num": 2, "content_type": 8, "object_id": 5}}, {"model": "read_statistics.readnum", "pk": 11, "fields": {"read_num": 2, "content_type": 8, "object_id": 6}}, {"model": "read_statistics.readnum", "pk": 12, "fields": {"read_num": 2, "content_type": 8, "object_id": 7}}, {"model": "read_statistics.readnum", "pk": 13, "fields": {"read_num": 2, "content_type": 8, "object_id": 8}}, {"model": "read_statistics.readnum", "pk": 14, "fields": {"read_num": 2, "content_type": 8, "object_id": 9}}, {"model": "read_statistics.readnum", "pk": 15, "fields": {"read_num": 2, "content_type": 8, "object_id": 30}}, {"model": "read_statistics.readnum", "pk": 16, "fields": {"read_num": 1, "content_type": 8, "object_id": 29}}, {"model": "read_statistics.readnum", "pk": 17, "fields": {"read_num": 1, "content_type": 8, "object_id": 28}}, {"model": "read_statistics.readnum", "pk": 18, "fields": {"read_num": 1, "content_type": 8, "object_id": 27}}, {"model": "read_statistics.readnum", "pk": 19, "fields": {"read_num": 1, "content_type": 8, "object_id": 26}}, {"model": "read_statistics.readnum", "pk": 20, "fields": {"read_num": 1, "content_type": 8, "object_id": 25}}, {"model": "read_statistics.readnum", "pk": 21, "fields": {"read_num": 2, "content_type": 8, "object_id": 24}}, {"model": "read_statistics.readnum", "pk": 22, "fields": {"read_num": 1, "content_type": 8, "object_id": 23}}, {"model": "read_statistics.readnum", "pk": 23, "fields": {"read_num": 1, "content_type": 8, "object_id": 21}}, {"model": "read_statistics.readnum", "pk": 24, "fields": {"read_num": 1, "content_type": 8, "object_id": 20}}, {"model": "read_statistics.readnum", "pk": 25, "fields": {"read_num": 1, "content_type": 8, "object_id": 19}}, {"model": "read_statistics.readnum", "pk": 26, "fields": {"read_num": 1, "content_type": 8, "object_id": 18}}, {"model": "read_statistics.readnum", "pk": 27, "fields": {"read_num": 1, "content_type": 8, "object_id": 17}}, {"model": "read_statistics.readnum", "pk": 28, "fields": {"read_num": 1, "content_type": 8, "object_id": 16}}, {"model": "read_statistics.readnum", "pk": 29, "fields": {"read_num": 1, "content_type": 8, "object_id": 15}}, {"model": "read_statistics.readnum", "pk": 30, "fields": {"read_num": 1, "content_type": 8, "object_id": 14}}, {"model": "read_statistics.readnum", "pk": 31, "fields": {"read_num": 1, "content_type": 8, "object_id": 13}}, {"model": "read_statistics.readnum", "pk": 32, "fields": {"read_num": 1, "content_type": 8, "object_id": 12}}, {"model": "read_statistics.readnum", "pk": 33, "fields": {"read_num": 1, "content_type": 8, "object_id": 11}}, {"model": "read_statistics.readnum", "pk": 34, "fields": {"read_num": 1, "content_type": 8, "object_id": 10}}, {"model": "read_statistics.readdetail", "pk": 1, "fields": {"date": "2020-03-10", "read_num": 4, "content_type": 8, "object_id": 36}}, {"model": "read_statistics.readdetail", "pk": 2, "fields": {"date": "2020-03-11", "read_num": 1, "content_type": 8, "object_id": 35}}, {"model": "read_statistics.readdetail", "pk": 3, "fields": {"date": "2020-03-11", "read_num": 1, "content_type": 8, "object_id": 33}}, {"model": "read_statistics.readdetail", "pk": 4, "fields": {"date": "2020-03-09", "read_num": 3, "content_type": 8, "object_id": 3}}, {"model": "read_statistics.readdetail", "pk": 5, "fields": {"date": "2020-03-07", "read_num": 4, "content_type": 8, "object_id": 4}}, {"model": "read_statistics.readdetail", "pk": 6, "fields": {"date": "2020-03-12", "read_num": 1, "content_type": 8, "object_id": 31}}, {"model": "read_statistics.readdetail", "pk": 7, "fields": {"date": "2020-03-12", "read_num": 1, "content_type": 8, "object_id": 3}}, {"model": "read_statistics.readdetail", "pk": 8, "fields": {"date": "2020-03-12", "read_num": 1, "content_type": 8, "object_id": 4}}, {"model": "read_statistics.readdetail", "pk": 9, "fields": {"date": "2020-03-12", "read_num": 1, "content_type": 8, "object_id": 5}}, {"model": "read_statistics.readdetail", "pk": 10, "fields": {"date": "2020-03-12", "read_num": 1, "content_type": 8, "object_id": 6}}, {"model": "read_statistics.readdetail", "pk": 11, "fields": {"date": "2020-03-12", "read_num": 1, "content_type": 8, "object_id": 7}}, {"model": "read_statistics.readdetail", "pk": 12, "fields": {"date": "2020-03-12", "read_num": 1, "content_type": 8, "object_id": 8}}, {"model": "read_statistics.readdetail", "pk": 13, "fields": {"date": "2020-03-12", "read_num": 1, "content_type": 8, "object_id": 9}}, {"model": "read_statistics.readdetail", "pk": 14, "fields": {"date": "2020-03-12", "read_num": 1, "content_type": 8, "object_id": 36}}, {"model": "read_statistics.readdetail", "pk": 15, "fields": {"date": "2020-03-13", "read_num": 1, "content_type": 8, "object_id": 36}}, {"model": "read_statistics.readdetail", "pk": 16, "fields": {"date": "2020-03-14", "read_num": 1, "content_type": 8, "object_id": 36}}, {"model": "read_statistics.readdetail", "pk": 17, "fields": {"date": "2020-03-15", "read_num": 1, "content_type": 8, "object_id": 36}}, {"model": "read_statistics.readdetail", "pk": 18, "fields": {"date": "2020-03-16", "read_num": 1, "content_type": 8, "object_id": 36}}, {"model": "read_statistics.readdetail", "pk": 19, "fields": {"date": "2020-03-17", "read_num": 3, "content_type": 8, "object_id": 36}}, {"model": "read_statistics.readdetail", "pk": 20, "fields": {"date": "2020-03-18", "read_num": 1, "content_type": 8, "object_id": 36}}, {"model": "read_statistics.readdetail", "pk": 21, "fields": {"date": "2020-03-18", "read_num": 1, "content_type": 8, "object_id": 35}}, {"model": "read_statistics.readdetail", "pk": 22, "fields": {"date": "2020-03-18", "read_num": 1, "content_type": 8, "object_id": 34}}, {"model": "read_statistics.readdetail", "pk": 23, "fields": {"date": "2020-03-18", "read_num": 1, "content_type": 8, "object_id": 33}}, {"model": "read_statistics.readdetail", "pk": 24, "fields": {"date": "2020-03-18", "read_num": 1, "content_type": 8, "object_id": 32}}, {"model": "read_statistics.readdetail", "pk": 25, "fields": {"date": "2020-03-18", "read_num": 1, "content_type": 8, "object_id": 31}}, {"model": "read_statistics.readdetail", "pk": 26, "fields": {"date": "2020-03-18", "read_num": 1, "content_type": 8, "object_id": 30}}, {"model": "read_statistics.readdetail", "pk": 27, "fields": {"date": "2020-03-18", "read_num": 1, "content_type": 8, "object_id": 29}}, {"model": "read_statistics.readdetail", "pk": 28, "fields": {"date": "2020-03-18", "read_num": 1, "content_type": 8, "object_id": 28}}, {"model": "read_statistics.readdetail", "pk": 29, "fields": {"date": "2020-03-18", "read_num": 1, "content_type": 8, "object_id": 27}}, {"model": "read_statistics.readdetail", "pk": 30, "fields": {"date": "2020-03-18", "read_num": 1, "content_type": 8, "object_id": 26}}, {"model": "read_statistics.readdetail", "pk": 31, "fields": {"date": "2020-03-18", "read_num": 1, "content_type": 8, "object_id": 25}}, {"model": "read_statistics.readdetail", "pk": 32, "fields": {"date": "2020-03-18", "read_num": 1, "content_type": 8, "object_id": 24}}, {"model": "read_statistics.readdetail", "pk": 33, "fields": {"date": "2020-03-18", "read_num": 1, "content_type": 8, "object_id": 23}}, {"model": "read_statistics.readdetail", "pk": 34, "fields": {"date": "2020-03-18", "read_num": 1, "content_type": 8, "object_id": 22}}, {"model": "read_statistics.readdetail", "pk": 35, "fields": {"date": "2020-03-18", "read_num": 1, "content_type": 8, "object_id": 21}}, {"model": "read_statistics.readdetail", "pk": 36, "fields": {"date": "2020-03-18", "read_num": 1, "content_type": 8, "object_id": 20}}, {"model": "read_statistics.readdetail", "pk": 37, "fields": {"date": "2020-03-18", "read_num": 1, "content_type": 8, "object_id": 19}}, {"model": "read_statistics.readdetail", "pk": 38, "fields": {"date": "2020-03-18", "read_num": 1, "content_type": 8, "object_id": 18}}, {"model": "read_statistics.readdetail", "pk": 39, "fields": {"date": "2020-03-18", "read_num": 1, "content_type": 8, "object_id": 17}}, {"model": "read_statistics.readdetail", "pk": 40, "fields": {"date": "2020-03-18", "read_num": 1, "content_type": 8, "object_id": 16}}, {"model": "read_statistics.readdetail", "pk": 41, "fields": {"date": "2020-03-18", "read_num": 1, "content_type": 8, "object_id": 15}}, {"model": "read_statistics.readdetail", "pk": 42, "fields": {"date": "2020-03-18", "read_num": 1, "content_type": 8, "object_id": 14}}, {"model": "read_statistics.readdetail", "pk": 43, "fields": {"date": "2020-03-18", "read_num": 1, "content_type": 8, "object_id": 13}}, {"model": "read_statistics.readdetail", "pk": 44, "fields": {"date": "2020-03-18", "read_num": 1, "content_type": 8, "object_id": 12}}, {"model": "read_statistics.readdetail", "pk": 45, "fields": {"date": "2020-03-18", "read_num": 1, "content_type": 8, "object_id": 11}}, {"model": "read_statistics.readdetail", "pk": 46, "fields": {"date": "2020-03-18", "read_num": 1, "content_type": 8, "object_id": 10}}, {"model": "read_statistics.readdetail", "pk": 47, "fields": {"date": "2020-03-18", "read_num": 1, "content_type": 8, "object_id": 9}}, {"model": "read_statistics.readdetail", "pk": 48, "fields": {"date": "2020-03-18", "read_num": 1, "content_type": 8, "object_id": 8}}, {"model": "read_statistics.readdetail", "pk": 49, "fields": {"date": "2020-03-18", "read_num": 1, "content_type": 8, "object_id": 7}}, {"model": "read_statistics.readdetail", "pk": 50, "fields": {"date": "2020-03-18", "read_num": 1, "content_type": 8, "object_id": 6}}, {"model": "read_statistics.readdetail", "pk": 51, "fields": {"date": "2020-03-18", "read_num": 1, "content_type": 8, "object_id": 5}}, {"model": "read_statistics.readdetail", "pk": 52, "fields": {"date": "2020-03-18", "read_num": 1, "content_type": 8, "object_id": 4}}, {"model": "read_statistics.readdetail", "pk": 53, "fields": {"date": "2020-03-18", "read_num": 1, "content_type": 8, "object_id": 3}}, {"model": "read_statistics.readdetail", "pk": 54, "fields": {"date": "2020-03-22", "read_num": 1, "content_type": 8, "object_id": 36}}, {"model": "read_statistics.readdetail", "pk": 55, "fields": {"date": "2020-03-22", "read_num": 1, "content_type": 8, "object_id": 35}}, {"model": "read_statistics.readdetail", "pk": 56, "fields": {"date": "2020-03-22", "read_num": 1, "content_type": 8, "object_id": 33}}, {"model": "read_statistics.readdetail", "pk": 57, "fields": {"date": "2020-03-22", "read_num": 1, "content_type": 8, "object_id": 32}}, {"model": "read_statistics.readdetail", "pk": 58, "fields": {"date": "2020-03-22", "read_num": 1, "content_type": 8, "object_id": 30}}, {"model": "read_statistics.readdetail", "pk": 59, "fields": {"date": "2020-03-22", "read_num": 1, "content_type": 8, "object_id": 24}}, {"model": "read_statistics.readdetail", "pk": 60, "fields": {"date": "2020-03-22", "read_num": 1, "content_type": 8, "object_id": 31}}, {"model": "read_statistics.readdetail", "pk": 61, "fields": {"date": "2020-03-23", "read_num": 1, "content_type": 8, "object_id": 36}}, {"model": "read_statistics.readdetail", "pk": 62, "fields": {"date": "2020-03-24", "read_num": 1, "content_type": 8, "object_id": 36}}, {"model": "read_statistics.readdetail", "pk": 63, "fields": {"date": "2020-03-25", "read_num": 1, "content_type": 8, "object_id": 36}}, {"model": "read_statistics.readdetail", "pk": 64, "fields": {"date": "2020-03-26", "read_num": 1, "content_type": 8, "object_id": 36}}, {"model": "read_statistics.readdetail", "pk": 65, "fields": {"date": "2020-03-28", "read_num": 1, "content_type": 8, "object_id": 36}}, {"model": "likes.likecount", "pk": 1, "fields": {"content_type": 8, "object_id": 36, "liked_num": 0}}, {"model": "likes.likecount", "pk": 2, "fields": {"content_type": 8, "object_id": 35, "liked_num": 0}}, {"model": "likes.likecount", "pk": 3, "fields": {"content_type": 8, "object_id": 33, "liked_num": 0}}, {"model": "likes.likecount", "pk": 4, "fields": {"content_type": 8, "object_id": 32, "liked_num": 0}}, {"model": "likes.likecount", "pk": 5, "fields": {"content_type": 8, "object_id": 30, "liked_num": 0}}, {"model": "likes.likecount", "pk": 6, "fields": {"content_type": 8, "object_id": 24, "liked_num": 1}}, {"model": "likes.likecount", "pk": 7, "fields": {"content_type": 8, "object_id": 34, "liked_num": 0}}, {"model": "likes.likecount", "pk": 8, "fields": {"content_type": 8, "object_id": 31, "liked_num": 1}}, {"model": "likes.likecount", "pk": 9, "fields": {"content_type": 12, "object_id": 15, "liked_num": 0}}, {"model": "likes.likecount", "pk": 10, "fields": {"content_type": 12, "object_id": 17, "liked_num": 1}}, {"model": "likes.likecount", "pk": 11, "fields": {"content_type": 12, "object_id": 18, "liked_num": 0}}, {"model": "likes.likecount", "pk": 12, "fields": {"content_type": 12, "object_id": 19, "liked_num": 0}}, {"model": "likes.likecount", "pk": 13, "fields": {"content_type": 12, "object_id": 10, "liked_num": 0}}, {"model": "likes.likecount", "pk": 14, "fields": {"content_type": 12, "object_id": 14, "liked_num": 0}}, {"model": "likes.likecount", "pk": 15, "fields": {"content_type": 12, "object_id": 16, "liked_num": 0}}, {"model": "likes.likecount", "pk": 16, "fields": {"content_type": 12, "object_id": 9, "liked_num": 0}}, {"model": "likes.likecount", "pk": 17, "fields": {"content_type": 12, "object_id": 8, "liked_num": 0}}, {"model": "likes.likecount", "pk": 18, "fields": {"content_type": 12, "object_id": 7, "liked_num": 0}}, {"model": "likes.likecount", "pk": 19, "fields": {"content_type": 12, "object_id": 6, "liked_num": 0}}, {"model": "likes.likecount", "pk": 20, "fields": {"content_type": 12, "object_id": 5, "liked_num": 0}}, {"model": "likes.likecount", "pk": 21, "fields": {"content_type": 12, "object_id": 4, "liked_num": 0}}, {"model": "likes.likecount", "pk": 22, "fields": {"content_type": 12, "object_id": 3, "liked_num": 0}}, {"model": "likes.likecount", "pk": 23, "fields": {"content_type": 12, "object_id": 2, "liked_num": 0}}, {"model": "likes.likecount", "pk": 24, "fields": {"content_type": 12, "object_id": 27, "liked_num": 0}}, {"model": "likes.likecount", "pk": 25, "fields": {"content_type": 12, "object_id": 28, "liked_num": 0}}, {"model": "likes.likecount", "pk": 26, "fields": {"content_type": 12, "object_id": 29, "liked_num": 0}}, {"model": "likes.likecount", "pk": 27, "fields": {"content_type": 12, "object_id": 30, "liked_num": 0}}, {"model": "likes.likecount", "pk": 28, "fields": {"content_type": 12, "object_id": 31, "liked_num": 0}}, {"model": "likes.likecount", "pk": 29, "fields": {"content_type": 12, "object_id": 32, "liked_num": 0}}, {"model": "likes.likecount", "pk": 30, "fields": {"content_type": 12, "object_id": 33, "liked_num": 0}}, {"model": "likes.likecount", "pk": 31, "fields": {"content_type": 12, "object_id": 34, "liked_num": 0}}, {"model": "likes.likecount", "pk": 32, "fields": {"content_type": 12, "object_id": 36, "liked_num": 0}}, {"model": "likes.likecount", "pk": 33, "fields": {"content_type": 12, "object_id": 35, "liked_num": 0}}, {"model": "likes.likecount", "pk": 34, "fields": {"content_type": 12, "object_id": 37, "liked_num": 0}}, {"model": "likes.likecount", "pk": 35, "fields": {"content_type": 12, "object_id": 38, "liked_num": 1}}, {"model": "likes.likecount", "pk": 36, "fields": {"content_type": 12, "object_id": 39, "liked_num": 1}}, {"model": "likes.likecount", "pk": 37, "fields": {"content_type": 12, "object_id": 40, "liked_num": 0}}, {"model": "likes.likecount", "pk": 38, "fields": {"content_type": 12, "object_id": 45, "liked_num": 0}}, {"model": "likes.likecount", "pk": 39, "fields": {"content_type": 12, "object_id": 44, "liked_num": 0}}, {"model": "likes.likecount", "pk": 40, "fields": {"content_type": 12, "object_id": 43, "liked_num": 0}}, {"model": "likes.likecount", "pk": 41, "fields": {"content_type": 12, "object_id": 42, "liked_num": 0}}, {"model": "likes.likecount", "pk": 42, "fields": {"content_type": 12, "object_id": 41, "liked_num": 0}}, {"model": "likes.likecount", "pk": 43, "fields": {"content_type": 12, "object_id": 46, "liked_num": 0}}, {"model": "likes.likecount", "pk": 44, "fields": {"content_type": 12, "object_id": 47, "liked_num": 0}}, {"model": "likes.likecount", "pk": 45, "fields": {"content_type": 12, "object_id": 48, "liked_num": 0}}, {"model": "likes.likecount", "pk": 46, "fields": {"content_type": 12, "object_id": 52, "liked_num": 0}}, {"model": "likes.likecount", "pk": 47, "fields": {"content_type": 12, "object_id": 51, "liked_num": 0}}, {"model": "likes.likecount", "pk": 48, "fields": {"content_type": 12, "object_id": 50, "liked_num": 0}}, {"model": "likes.likecount", "pk": 49, "fields": {"content_type": 12, "object_id": 49, "liked_num": 0}}, {"model": "likes.likecount", "pk": 50, "fields": {"content_type": 12, "object_id": 53, "liked_num": 0}}, {"model": "likes.likecount", "pk": 51, "fields": {"content_type": 12, "object_id": 56, "liked_num": 0}}, {"model": "likes.likecount", "pk": 52, "fields": {"content_type": 12, "object_id": 55, "liked_num": 0}}, {"model": "likes.likecount", "pk": 53, "fields": {"content_type": 12, "object_id": 54, "liked_num": 0}}, {"model": "likes.likecount", "pk": 54, "fields": {"content_type": 12, "object_id": 57, "liked_num": 0}}, {"model": "auth.permission", "pk": 1, "fields": {"name": "Can add log entry", "content_type": 1, "codename": "add_logentry"}}, {"model": "auth.permission", "pk": 2, "fields": {"name": "Can change log entry", "content_type": 1, "codename": "change_logentry"}}, {"model": "auth.permission", "pk": 3, "fields": {"name": "Can delete log entry", "content_type": 1, "codename": "delete_logentry"}}, {"model": "auth.permission", "pk": 4, "fields": {"name": "Can add permission", "content_type": 2, "codename": "add_permission"}}, {"model": "auth.permission", "pk": 5, "fields": {"name": "Can change permission", "content_type": 2, "codename": "change_permission"}}, {"model": "auth.permission", "pk": 6, "fields": {"name": "Can delete permission", "content_type": 2, "codename": "delete_permission"}}, {"model": "auth.permission", "pk": 7, "fields": {"name": "Can add group", "content_type": 3, "codename": "add_group"}}, {"model": "auth.permission", "pk": 8, "fields": {"name": "Can change group", "content_type": 3, "codename": "change_group"}}, {"model": "auth.permission", "pk": 9, "fields": {"name": "Can delete group", "content_type": 3, "codename": "delete_group"}}, {"model": "auth.permission", "pk": 10, "fields": {"name": "Can add user", "content_type": 4, "codename": "add_user"}}, {"model": "auth.permission", "pk": 11, "fields": {"name": "Can change user", "content_type": 4, "codename": "change_user"}}, {"model": "auth.permission", "pk": 12, "fields": {"name": "Can delete user", "content_type": 4, "codename": "delete_user"}}, {"model": "auth.permission", "pk": 13, "fields": {"name": "Can add content type", "content_type": 5, "codename": "add_contenttype"}}, {"model": "auth.permission", "pk": 14, "fields": {"name": "Can change content type", "content_type": 5, "codename": "change_contenttype"}}, {"model": "auth.permission", "pk": 15, "fields": {"name": "Can delete content type", "content_type": 5, "codename": "delete_contenttype"}}, {"model": "auth.permission", "pk": 16, "fields": {"name": "Can add session", "content_type": 6, "codename": "add_session"}}, {"model": "auth.permission", "pk": 17, "fields": {"name": "Can change session", "content_type": 6, "codename": "change_session"}}, {"model": "auth.permission", "pk": 18, "fields": {"name": "Can delete session", "content_type": 6, "codename": "delete_session"}}, {"model": "auth.permission", "pk": 19, "fields": {"name": "Can add blog type", "content_type": 7, "codename": "add_blogtype"}}, {"model": "auth.permission", "pk": 20, "fields": {"name": "Can change blog type", "content_type": 7, "codename": "change_blogtype"}}, {"model": "auth.permission", "pk": 21, "fields": {"name": "Can delete blog type", "content_type": 7, "codename": "delete_blogtype"}}, {"model": "auth.permission", "pk": 22, "fields": {"name": "Can add blog", "content_type": 8, "codename": "add_blog"}}, {"model": "auth.permission", "pk": 23, "fields": {"name": "Can change blog", "content_type": 8, "codename": "change_blog"}}, {"model": "auth.permission", "pk": 24, "fields": {"name": "Can delete blog", "content_type": 8, "codename": "delete_blog"}}, {"model": "auth.permission", "pk": 25, "fields": {"name": "Can add read num", "content_type": 9, "codename": "add_readnum"}}, {"model": "auth.permission", "pk": 26, "fields": {"name": "Can change read num", "content_type": 9, "codename": "change_readnum"}}, {"model": "auth.permission", "pk": 27, "fields": {"name": "Can delete read num", "content_type": 9, "codename": "delete_readnum"}}, {"model": "auth.permission", "pk": 28, "fields": {"name": "Can add read num", "content_type": 10, "codename": "add_readnum"}}, {"model": "auth.permission", "pk": 29, "fields": {"name": "Can change read num", "content_type": 10, "codename": "change_readnum"}}, {"model": "auth.permission", "pk": 30, "fields": {"name": "Can delete read num", "content_type": 10, "codename": "delete_readnum"}}, {"model": "auth.permission", "pk": 31, "fields": {"name": "Can add read detail", "content_type": 11, "codename": "add_readdetail"}}, {"model": "auth.permission", "pk": 32, "fields": {"name": "Can change read detail", "content_type": 11, "codename": "change_readdetail"}}, {"model": "auth.permission", "pk": 33, "fields": {"name": "Can delete read detail", "content_type": 11, "codename": "delete_readdetail"}}, {"model": "auth.permission", "pk": 34, "fields": {"name": "Can add comment", "content_type": 12, "codename": "add_comment"}}, {"model": "auth.permission", "pk": 35, "fields": {"name": "Can change comment", "content_type": 12, "codename": "change_comment"}}, {"model": "auth.permission", "pk": 36, "fields": {"name": "Can delete comment", "content_type": 12, "codename": "delete_comment"}}, {"model": "auth.permission", "pk": 37, "fields": {"name": "Can add like count", "content_type": 13, "codename": "add_likecount"}}, {"model": "auth.permission", "pk": 38, "fields": {"name": "Can change like count", "content_type": 13, "codename": "change_likecount"}}, {"model": "auth.permission", "pk": 39, "fields": {"name": "Can delete like count", "content_type": 13, "codename": "delete_likecount"}}, {"model": "auth.permission", "pk": 40, "fields": {"name": "Can add like record", "content_type": 14, "codename": "add_likerecord"}}, {"model": "auth.permission", "pk": 41, "fields": {"name": "Can change like record", "content_type": 14, "codename": "change_likerecord"}}, {"model": "auth.permission", "pk": 42, "fields": {"name": "Can delete like record", "content_type": 14, "codename": "delete_likerecord"}}, {"model": "auth.permission", "pk": 43, "fields": {"name": "Can add profile", "content_type": 15, "codename": "add_profile"}}, {"model": "auth.permission", "pk": 44, "fields": {"name": "Can change profile", "content_type": 15, "codename": "change_profile"}}, {"model": "auth.permission", "pk": 45, "fields": {"name": "Can delete profile", "content_type": 15, "codename": "delete_profile"}}, {"model": "auth.user", "pk": 1, "fields": {"password": "pbkdf2_sha256$100000$Ecd2Cjiu60YQ$HAs9EGXSvCtR2CgcW5qCgPPfXuK4inckoz7lbIyAW9w=", "last_login": "2020-03-27T05:08:27.620", "is_superuser": true, "username": "sub", "first_name": "", "last_name": "", "email": "try777@qq.com", "is_staff": true, "is_active": true, "date_joined": "2020-02-23T19:12:00", "groups": [], "user_permissions": []}}, {"model": "auth.user", "pk": 2, "fields": {"password": "pbkdf2_sha256$100000$HqtfiQqmSTU2$bDjiPKtvT+30X7Ds6I6MZYcf6JrRD4CUWO4OnRWOg1o=", "last_login": "2020-03-15T19:54:38.946", "is_superuser": false, "username": "sub1", "first_name": "", "last_name": "", "email": "1@qq.com", "is_staff": false, "is_active": true, "date_joined": "2020-03-15T19:54:38.842", "groups": [], "user_permissions": []}}, {"model": "auth.user", "pk": 3, "fields": {"password": "pbkdf2_sha256$100000$GgyzILe9GPGx$+pUn9wAKgPkZeWcdLMLAIOXK3fyTSGhryD8aCZRew8E=", "last_login": "2020-03-27T05:10:08.632", "is_superuser": false, "username": "1047776787", "first_name": "", "last_name": "", "email": "1047776787@qq.com", "is_staff": true, "is_active": true, "date_joined": "2020-03-27T03:15:00", "groups": [], "user_permissions": []}}, {"model": "blog.blog", "pk": 3, "fields": {"title": "\u957f\u5185\u5bb9\u7684\u535a\u5ba2", "blog_type": 2, "content": "<h2>1\u3001\u6d4b\u8bd5</h2>\r\n\r\n<p>\u554a\u6c99\u53d1\u6c99\u53d1\u8428\u82ac<strong>\u554a\u6c99\u53d1\u6c99\u53d1\u8428\u82ac\u554a</strong><br />\r\n\u6c99\u53d1\u6c99\u53d1\u8428\u82ac\u554a\u6c99\u53d1\u6c99\u53d1</p>\r\n\r\n<p><img alt=\"\" src=\"/media/upload/2020/03/06/img.jpg\" style=\"height:243px\" /></p>\r\n\r\n<p><span style=\"color:#1abc9c\">sasdsafasfrsa</span></p>\r\n\r\n<p><span style=\"color:#1abc9c\">safsafqwfsa<span style=\"background-color:#f1c40f\">fsafsafsaf</span></span></p>", "author": 1, "created_time": "2020-02-24T19:46:13.217", "last_updated_time": "2020-03-05T18:31:05.529"}}, {"model": "blog.blog", "pk": 4, "fields": {"title": "\u968f\u7b142", "blog_type": 2, "content": "sdads", "author": 1, "created_time": "2020-02-24T20:18:07.537", "last_updated_time": "2020-02-24T20:18:07.537"}}, {"model": "blog.blog", "pk": 5, "fields": {"title": "Django1", "blog_type": 1, "content": "test", "author": 1, "created_time": "2020-02-24T20:18:26.985", "last_updated_time": "2020-02-24T20:18:26.985"}}, {"model": "blog.blog", "pk": 6, "fields": {"title": "shell\u4e0b\u7b2c1\u7bc7", "blog_type": 1, "content": "xxxxxxxxxxx", "author": 1, "created_time": "2020-03-01T19:51:05.916", "last_updated_time": "2020-03-01T19:51:05.916"}}, {"model": "blog.blog", "pk": 7, "fields": {"title": "for 1", "blog_type": 1, "content": "xxxx:1", "author": 1, "created_time": "2020-03-01T19:58:47.965", "last_updated_time": "2020-03-01T19:58:47.965"}}, {"model": "blog.blog", "pk": 8, "fields": {"title": "for 2", "blog_type": 1, "content": "xxxx:2", "author": 1, "created_time": "2020-03-01T19:58:47.969", "last_updated_time": "2020-03-01T19:58:47.969"}}, {"model": "blog.blog", "pk": 9, "fields": {"title": "for 3", "blog_type": 1, "content": "xxxx:3", "author": 1, "created_time": "2020-03-01T19:58:47.972", "last_updated_time": "2020-03-01T19:58:47.972"}}, {"model": "blog.blog", "pk": 10, "fields": {"title": "for 4", "blog_type": 1, "content": "xxxx:4", "author": 1, "created_time": "2020-03-01T19:58:47.976", "last_updated_time": "2020-03-01T19:58:47.976"}}, {"model": "blog.blog", "pk": 11, "fields": {"title": "for 5", "blog_type": 1, "content": "xxxx:5", "author": 1, "created_time": "2020-03-01T19:58:47.979", "last_updated_time": "2020-03-01T19:58:47.979"}}, {"model": "blog.blog", "pk": 12, "fields": {"title": "for 6", "blog_type": 1, "content": "xxxx:6", "author": 1, "created_time": "2020-03-01T19:58:47.982", "last_updated_time": "2020-03-01T19:58:47.982"}}, {"model": "blog.blog", "pk": 13, "fields": {"title": "for 7", "blog_type": 1, "content": "xxxx:7", "author": 1, "created_time": "2020-03-01T19:58:47.986", "last_updated_time": "2020-03-01T19:58:47.986"}}, {"model": "blog.blog", "pk": 14, "fields": {"title": "for 8", "blog_type": 1, "content": "xxxx:8", "author": 1, "created_time": "2020-03-01T19:58:47.989", "last_updated_time": "2020-03-01T19:58:47.989"}}, {"model": "blog.blog", "pk": 15, "fields": {"title": "for 9", "blog_type": 1, "content": "xxxx:9", "author": 1, "created_time": "2020-03-01T19:58:47.992", "last_updated_time": "2020-03-01T19:58:47.992"}}, {"model": "blog.blog", "pk": 16, "fields": {"title": "for 10", "blog_type": 1, "content": "xxxx:10", "author": 1, "created_time": "2020-03-01T19:58:47.995", "last_updated_time": "2020-03-01T19:58:47.995"}}, {"model": "blog.blog", "pk": 17, "fields": {"title": "for 11", "blog_type": 1, "content": "xxxx:11", "author": 1, "created_time": "2020-03-01T19:58:47.999", "last_updated_time": "2020-03-01T19:58:47.999"}}, {"model": "blog.blog", "pk": 18, "fields": {"title": "for 12", "blog_type": 1, "content": "xxxx:12", "author": 1, "created_time": "2020-03-01T19:58:48.002", "last_updated_time": "2020-03-01T19:58:48.002"}}, {"model": "blog.blog", "pk": 19, "fields": {"title": "for 13", "blog_type": 1, "content": "xxxx:13", "author": 1, "created_time": "2020-03-01T19:58:48.005", "last_updated_time": "2020-03-01T19:58:48.005"}}, {"model": "blog.blog", "pk": 20, "fields": {"title": "for 14", "blog_type": 1, "content": "xxxx:14", "author": 1, "created_time": "2020-03-01T19:58:48.008", "last_updated_time": "2020-03-01T19:58:48.008"}}, {"model": "blog.blog", "pk": 21, "fields": {"title": "for 15", "blog_type": 1, "content": "xxxx:15", "author": 1, "created_time": "2020-03-01T19:58:48.011", "last_updated_time": "2020-03-01T19:58:48.011"}}, {"model": "blog.blog", "pk": 22, "fields": {"title": "for 16", "blog_type": 1, "content": "xxxx:16", "author": 1, "created_time": "2020-03-01T19:58:48.014", "last_updated_time": "2020-03-01T19:58:48.014"}}, {"model": "blog.blog", "pk": 23, "fields": {"title": "for 17", "blog_type": 1, "content": "xxxx:17", "author": 1, "created_time": "2020-03-01T19:58:48.018", "last_updated_time": "2020-03-01T19:58:48.018"}}, {"model": "blog.blog", "pk": 24, "fields": {"title": "for 18", "blog_type": 1, "content": "xxxx:18", "author": 1, "created_time": "2020-03-01T19:58:48.021", "last_updated_time": "2020-03-01T19:58:48.021"}}, {"model": "blog.blog", "pk": 25, "fields": {"title": "for 19", "blog_type": 1, "content": "xxxx:19", "author": 1, "created_time": "2020-03-01T19:58:48.024", "last_updated_time": "2020-03-01T19:58:48.024"}}, {"model": "blog.blog", "pk": 26, "fields": {"title": "for 20", "blog_type": 1, "content": "xxxx:20", "author": 1, "created_time": "2020-03-01T19:58:48.029", "last_updated_time": "2020-03-01T19:58:48.029"}}, {"model": "blog.blog", "pk": 27, "fields": {"title": "for 21", "blog_type": 1, "content": "xxxx:21", "author": 1, "created_time": "2020-03-01T19:58:48.033", "last_updated_time": "2020-03-01T19:58:48.033"}}, {"model": "blog.blog", "pk": 28, "fields": {"title": "for 22", "blog_type": 1, "content": "xxxx:22", "author": 1, "created_time": "2020-03-01T19:58:48.036", "last_updated_time": "2020-03-01T19:58:48.036"}}, {"model": "blog.blog", "pk": 29, "fields": {"title": "for 23", "blog_type": 1, "content": "xxxx:23", "author": 1, "created_time": "2020-03-01T19:58:48.039", "last_updated_time": "2020-03-01T19:58:48.039"}}, {"model": "blog.blog", "pk": 30, "fields": {"title": "for 24", "blog_type": 1, "content": "xxxx:24", "author": 1, "created_time": "2020-03-01T19:58:48.042", "last_updated_time": "2020-03-01T19:58:48.042"}}, {"model": "blog.blog", "pk": 31, "fields": {"title": "for 25", "blog_type": 1, "content": "xxxx:25", "author": 1, "created_time": "2020-03-01T19:58:48.046", "last_updated_time": "2020-03-01T19:58:48.046"}}, {"model": "blog.blog", "pk": 32, "fields": {"title": "for 26", "blog_type": 1, "content": "xxxx:26", "author": 1, "created_time": "2020-03-01T19:58:48.049", "last_updated_time": "2020-03-01T19:58:48.049"}}, {"model": "blog.blog", "pk": 33, "fields": {"title": "for 27", "blog_type": 1, "content": "xxxx:27", "author": 1, "created_time": "2020-03-01T19:58:48.052", "last_updated_time": "2020-03-01T19:58:48.052"}}, {"model": "blog.blog", "pk": 34, "fields": {"title": "for 28", "blog_type": 1, "content": "xxxx:28", "author": 1, "created_time": "2020-03-01T19:58:48.055", "last_updated_time": "2020-03-01T19:58:48.055"}}, {"model": "blog.blog", "pk": 35, "fields": {"title": "for 29", "blog_type": 1, "content": "xxxx:29", "author": 1, "created_time": "2020-03-01T19:58:48.058", "last_updated_time": "2020-03-05T19:48:49.527"}}, {"model": "blog.blog", "pk": 36, "fields": {"title": "for 30", "blog_type": 1, "content": "xxxx:30", "author": 1, "created_time": "2020-03-01T19:58:48.062", "last_updated_time": "2020-03-05T19:49:24.756"}}, {"model": "comment.comment", "pk": 2, "fields": {"content_type": 8, "object_id": 36, "text": "234", "comment_time": "2020-03-14T13:23:56.237", "user": 1, "root": null, "parent": null, "reply_to": null}}, {"model": "comment.comment", "pk": 3, "fields": {"content_type": 8, "object_id": 36, "text": "345", "comment_time": "2020-03-16T06:18:11.103", "user": 1, "root": null, "parent": null, "reply_to": null}}, {"model": "comment.comment", "pk": 4, "fields": {"content_type": 8, "object_id": 36, "text": "456", "comment_time": "2020-03-16T09:11:36.995", "user": 1, "root": null, "parent": null, "reply_to": null}}, {"model": "comment.comment", "pk": 5, "fields": {"content_type": 8, "object_id": 36, "text": "<p>567</p>", "comment_time": "2020-03-16T14:07:02.583", "user": 1, "root": null, "parent": null, "reply_to": null}}, {"model": "comment.comment", "pk": 6, "fields": {"content_type": 8, "object_id": 36, "text": "<p>678</p>", "comment_time": "2020-03-16T14:29:38.769", "user": 1, "root": null, "parent": null, "reply_to": null}}, {"model": "comment.comment", "pk": 7, "fields": {"content_type": 8, "object_id": 36, "text": "<p>789</p>", "comment_time": "2020-03-16T14:33:33.234", "user": 1, "root": null, "parent": null, "reply_to": null}}, {"model": "comment.comment", "pk": 8, "fields": {"content_type": 8, "object_id": 36, "text": "<p>899</p>", "comment_time": "2020-03-16T14:46:24.280", "user": 1, "root": null, "parent": null, "reply_to": null}}, {"model": "comment.comment", "pk": 9, "fields": {"content_type": 8, "object_id": 36, "text": "<p><img alt=\"smiley\" height=\"23\" src=\"http://localhost:8000/static/ckeditor/ckeditor/plugins/smiley/images/regular_smile.png\" title=\"smiley\" width=\"23\" /></p>", "comment_time": "2020-03-16T15:01:58.209", "user": 1, "root": null, "parent": null, "reply_to": null}}, {"model": "comment.comment", "pk": 10, "fields": {"content_type": 8, "object_id": 36, "text": "<p><img alt=\"sad\" height=\"23\" src=\"http://localhost:8000/static/ckeditor/ckeditor/plugins/smiley/images/sad_smile.png\" title=\"sad\" width=\"23\" /></p>", "comment_time": "2020-03-16T23:02:38.785", "user": 1, "root": null, "parent": null, "reply_to": null}}, {"model": "comment.comment", "pk": 12, "fields": {"content_type": 8, "object_id": 36, "text": "<p>1234</p>", "comment_time": "2020-03-17T21:30:03.472", "user": 1, "root": null, "parent": 10, "reply_to": 1}}, {"model": "comment.comment", "pk": 13, "fields": {"content_type": 8, "object_id": 36, "text": "<p>1234</p>", "comment_time": "2020-03-17T21:30:55.472", "user": 1, "root": null, "parent": 10, "reply_to": 1}}, {"model": "comment.comment", "pk": 14, "fields": {"content_type": 8, "object_id": 36, "text": "<p>1234</p>", "comment_time": "2020-03-17T21:36:36.400", "user": 1, "root": 10, "parent": 10, "reply_to": 1}}, {"model": "comment.comment", "pk": 15, "fields": {"content_type": 8, "object_id": 36, "text": "<p>1234</p>", "comment_time": "2020-03-17T21:37:12.105", "user": 1, "root": null, "parent": null, "reply_to": null}}, {"model": "comment.comment", "pk": 16, "fields": {"content_type": 8, "object_id": 36, "text": "<p>12345</p>", "comment_time": "2020-03-17T22:09:01.663", "user": 1, "root": 10, "parent": 14, "reply_to": 1}}, {"model": "comment.comment", "pk": 17, "fields": {"content_type": 8, "object_id": 36, "text": "<p>2134</p>", "comment_time": "2020-03-17T22:09:18.263", "user": 1, "root": 15, "parent": 15, "reply_to": 1}}, {"model": "comment.comment", "pk": 18, "fields": {"content_type": 8, "object_id": 36, "text": "<p>dga</p>", "comment_time": "2020-03-17T22:11:44.775", "user": 1, "root": 15, "parent": 17, "reply_to": 1}}, {"model": "comment.comment", "pk": 19, "fields": {"content_type": 8, "object_id": 36, "text": "<p>dag</p>", "comment_time": "2020-03-17T22:13:33.686", "user": 1, "root": 15, "parent": 15, "reply_to": 1}}, {"model": "comment.comment", "pk": 20, "fields": {"content_type": 8, "object_id": 35, "text": "<p>\u8d76\u7f9a\u7f8a</p>", "comment_time": "2020-03-18T19:08:55.276", "user": 1, "root": null, "parent": null, "reply_to": null}}, {"model": "comment.comment", "pk": 21, "fields": {"content_type": 8, "object_id": 35, "text": "<p><s><u><em><strong>\u7b2c\u4e8c\u6761</strong></em></u></s></p>", "comment_time": "2020-03-18T20:02:00.612", "user": 1, "root": null, "parent": null, "reply_to": null}}, {"model": "comment.comment", "pk": 22, "fields": {"content_type": 8, "object_id": 35, "text": "<p><span style=\"color:#e67e22\">\u58eb\u5927\u592bVS\u7684v</span></p>", "comment_time": "2020-03-18T20:02:19.674", "user": 1, "root": 21, "parent": 21, "reply_to": 1}}, {"model": "comment.comment", "pk": 23, "fields": {"content_type": 8, "object_id": 35, "text": "<p>\u7b2c\u4e09\u6761</p>", "comment_time": "2020-03-18T20:09:52.292", "user": 1, "root": null, "parent": null, "reply_to": null}}, {"model": "comment.comment", "pk": 24, "fields": {"content_type": 8, "object_id": 35, "text": "<p>dsadsafs</p>", "comment_time": "2020-03-18T20:25:40.124", "user": 1, "root": 23, "parent": 23, "reply_to": 1}}, {"model": "comment.comment", "pk": 25, "fields": {"content_type": 8, "object_id": 35, "text": "<p>sfsafsafsaf</p>", "comment_time": "2020-03-18T20:26:28.443", "user": 1, "root": 23, "parent": 24, "reply_to": 1}}, {"model": "comment.comment", "pk": 26, "fields": {"content_type": 8, "object_id": 35, "text": "<p>123</p>", "comment_time": "2020-03-18T20:30:42.934", "user": 1, "root": 23, "parent": 23, "reply_to": 1}}, {"model": "comment.comment", "pk": 27, "fields": {"content_type": 8, "object_id": 36, "text": "<p>123</p>", "comment_time": "2020-03-23T03:48:30.474", "user": 1, "root": null, "parent": null, "reply_to": null}}, {"model": "comment.comment", "pk": 28, "fields": {"content_type": 8, "object_id": 36, "text": "<p>234</p>", "comment_time": "2020-03-23T03:48:45.957", "user": 1, "root": 27, "parent": 27, "reply_to": 1}}, {"model": "comment.comment", "pk": 29, "fields": {"content_type": 8, "object_id": 36, "text": "<p>123</p>", "comment_time": "2020-03-23T03:50:05.785", "user": 1, "root": null, "parent": null, "reply_to": null}}, {"model": "comment.comment", "pk": 30, "fields": {"content_type": 8, "object_id": 36, "text": "<p>123</p>", "comment_time": "2020-03-23T03:50:16.870", "user": 1, "root": null, "parent": null, "reply_to": null}}, {"model": "comment.comment", "pk": 31, "fields": {"content_type": 8, "object_id": 36, "text": "<p>123</p>", "comment_time": "2020-03-23T03:51:18.035", "user": 1, "root": null, "parent": null, "reply_to": null}}, {"model": "comment.comment", "pk": 32, "fields": {"content_type": 8, "object_id": 36, "text": "<p>123</p>", "comment_time": "2020-03-23T03:51:24.650", "user": 1, "root": null, "parent": null, "reply_to": null}}, {"model": "comment.comment", "pk": 33, "fields": {"content_type": 8, "object_id": 36, "text": "<p>123</p>", "comment_time": "2020-03-23T03:52:05.066", "user": 1, "root": null, "parent": null, "reply_to": null}}, {"model": "comment.comment", "pk": 34, "fields": {"content_type": 8, "object_id": 36, "text": "<p>123</p>", "comment_time": "2020-03-23T03:52:51.432", "user": 1, "root": null, "parent": null, "reply_to": null}}, {"model": "comment.comment", "pk": 35, "fields": {"content_type": 8, "object_id": 36, "text": "<p>123</p>", "comment_time": "2020-03-23T03:52:56.853", "user": 1, "root": null, "parent": null, "reply_to": null}}, {"model": "comment.comment", "pk": 36, "fields": {"content_type": 8, "object_id": 36, "text": "<p>123</p>", "comment_time": "2020-03-23T03:53:04.696", "user": 1, "root": null, "parent": null, "reply_to": null}}, {"model": "comment.comment", "pk": 37, "fields": {"content_type": 8, "object_id": 36, "text": "<p>123</p>", "comment_time": "2020-03-23T03:53:09.615", "user": 1, "root": null, "parent": null, "reply_to": null}}, {"model": "comment.comment", "pk": 38, "fields": {"content_type": 8, "object_id": 36, "text": "<p>123</p>", "comment_time": "2020-03-23T03:54:27.629", "user": 1, "root": null, "parent": null, "reply_to": null}}, {"model": "comment.comment", "pk": 39, "fields": {"content_type": 8, "object_id": 36, "text": "<p>123</p>", "comment_time": "2020-03-23T03:55:13.209", "user": 1, "root": null, "parent": null, "reply_to": null}}, {"model": "comment.comment", "pk": 40, "fields": {"content_type": 8, "object_id": 36, "text": "<p>899</p>", "comment_time": "2020-03-25T04:51:23.513", "user": 1, "root": 27, "parent": 28, "reply_to": 1}}, {"model": "comment.comment", "pk": 41, "fields": {"content_type": 8, "object_id": 36, "text": "<p>\u8bc4\u8bba\u53d1\u9001\u90ae\u4ef6\u6d4b\u8bd5</p>", "comment_time": "2020-03-28T02:25:41.468", "user": 3, "root": null, "parent": null, "reply_to": null}}, {"model": "comment.comment", "pk": 42, "fields": {"content_type": 8, "object_id": 36, "text": "<p>\u8bc4\u8bba\u53d1\u9001\u90ae\u4ef6\u6d4b\u8bd5</p>", "comment_time": "2020-03-28T02:25:46.377", "user": 3, "root": null, "parent": null, "reply_to": null}}, {"model": "comment.comment", "pk": 43, "fields": {"content_type": 8, "object_id": 36, "text": "<p>\u8bc4\u8bba\u53d1\u9001\u90ae\u4ef6\u6d4b\u8bd5</p>", "comment_time": "2020-03-28T02:27:03.889", "user": 3, "root": null, "parent": null, "reply_to": null}}, {"model": "comment.comment", "pk": 44, "fields": {"content_type": 8, "object_id": 36, "text": "<p>\u8bc4\u8bba\u53d1\u9001\u90ae\u4ef6\u6d4b\u8bd5</p>", "comment_time": "2020-03-28T02:27:49.007", "user": 3, "root": null, "parent": null, "reply_to": null}}, {"model": "comment.comment", "pk": 45, "fields": {"content_type": 8, "object_id": 36, "text": "<p>\u8bc4\u8bba\u53d1\u9001\u90ae\u4ef6\u6d4b\u8bd5</p>", "comment_time": "2020-03-28T02:29:34.873", "user": 3, "root": null, "parent": null, "reply_to": null}}, {"model": "comment.comment", "pk": 46, "fields": {"content_type": 8, "object_id": 36, "text": "<p>\u8bc4\u8bba\u53d1\u9001\u90ae\u4ef6\u6d4b\u8bd5</p>", "comment_time": "2020-03-28T02:29:59.811", "user": 3, "root": null, "parent": null, "reply_to": null}}, {"model": "comment.comment", "pk": 47, "fields": {"content_type": 8, "object_id": 36, "text": "<p>\u8bc4\u8bba\u53d1\u9001\u90ae\u4ef6\u6d4b\u8bd51</p>", "comment_time": "2020-03-28T02:31:50.758", "user": 3, "root": null, "parent": null, "reply_to": null}}, {"model": "comment.comment", "pk": 48, "fields": {"content_type": 8, "object_id": 36, "text": "<p>\u56de\u590d\u8bc4\u8bba\u53d1\u9001\u90ae\u4ef6\u901a\u77e5\u6d4b\u8bd5</p>", "comment_time": "2020-03-28T02:32:45.961", "user": 3, "root": 47, "parent": 47, "reply_to": 3}}, {"model": "comment.comment", "pk": 49, "fields": {"content_type": 8, "object_id": 36, "text": "<p>\u591a\u7ebf\u7a0b\u53d1\u9001\u90ae\u4ef6\u901a\u77e5</p>", "comment_time": "2020-03-28T03:31:34.753", "user": 3, "root": null, "parent": null, "reply_to": null}}, {"model": "comment.comment", "pk": 50, "fields": {"content_type": 8, "object_id": 36, "text": "<p>\u591a\u7ebf\u7a0b\u53d1\u9001\u90ae\u4ef6\u901a\u77e51</p>", "comment_time": "2020-03-28T03:32:46.471", "user": 3, "root": null, "parent": null, "reply_to": null}}, {"model": "comment.comment", "pk": 51, "fields": {"content_type": 8, "object_id": 36, "text": "<p>html\u90ae\u4ef6\u6d4b\u8bd5</p>", "comment_time": "2020-03-28T03:38:54.938", "user": 3, "root": null, "parent": null, "reply_to": null}}, {"model": "comment.comment", "pk": 52, "fields": {"content_type": 8, "object_id": 36, "text": "<p>html\u90ae\u4ef6\u6d4b\u8bd51</p>", "comment_time": "2020-03-28T03:40:00.416", "user": 3, "root": null, "parent": null, "reply_to": null}}, {"model": "comment.comment", "pk": 53, "fields": {"content_type": 8, "object_id": 36, "text": "<p>html \u6a21\u677f\u7ec4\u7ec7\u5185\u5bb9\uff0c\u53d1\u9001\u90ae\u4ef6</p>", "comment_time": "2020-03-28T03:49:55.416", "user": 3, "root": null, "parent": null, "reply_to": null}}, {"model": "comment.comment", "pk": 54, "fields": {"content_type": 8, "object_id": 36, "text": "<p>test</p>", "comment_time": "2020-03-28T03:55:00.885", "user": 3, "root": null, "parent": null, "reply_to": null}}, {"model": "comment.comment", "pk": 55, "fields": {"content_type": 8, "object_id": 36, "text": "<p>\u6700\u540e\u4e00\u6b21\u6d4b\u8bd5</p>", "comment_time": "2020-03-28T03:58:40.549", "user": 3, "root": null, "parent": null, "reply_to": null}}, {"model": "comment.comment", "pk": 56, "fields": {"content_type": 8, "object_id": 36, "text": "<p>url</p>", "comment_time": "2020-03-28T04:00:31.348", "user": 3, "root": null, "parent": null, "reply_to": null}}, {"model": "comment.comment", "pk": 57, "fields": {"content_type": 8, "object_id": 36, "text": "<p>13513513</p>", "comment_time": "2020-03-28T04:27:22.871", "user": 3, "root": 56, "parent": 56, "reply_to": 3}}, {"model": "comment.comment", "pk": 58, "fields": {"content_type": 8, "object_id": 36, "text": "<p>xxxxxxxxxxxxxx</p>", "comment_time": "2020-03-28T04:28:18.844", "user": 3, "root": null, "parent": null, "reply_to": null}}, {"model": "likes.likerecord", "pk": 2, "fields": {"content_type": 8, "object_id": 35, "user": 1, "liked_time": "2020-03-22T02:45:02.503"}}, {"model": "likes.likerecord", "pk": 3, "fields": {"content_type": 8, "object_id": 33, "user": 1, "liked_time": "2020-03-22T02:49:02.694"}}, {"model": "likes.likerecord", "pk": 4, "fields": {"content_type": 8, "object_id": 32, "user": 1, "liked_time": "2020-03-22T02:49:59.531"}}, {"model": "likes.likerecord", "pk": 6, "fields": {"content_type": 8, "object_id": 24, "user": 1, "liked_time": "2020-03-22T04:58:38.584"}}, {"model": "likes.likerecord", "pk": 7, "fields": {"content_type": 8, "object_id": 31, "user": 1, "liked_time": "2020-03-22T05:01:52.309"}}, {"model": "likes.likerecord", "pk": 16, "fields": {"content_type": 12, "object_id": 17, "user": 1, "liked_time": "2020-03-22T05:27:22.749"}}, {"model": "likes.likerecord", "pk": 20, "fields": {"content_type": 8, "object_id": 36, "user": 1, "liked_time": "2020-03-24T04:55:02.416"}}, {"model": "likes.likerecord", "pk": 21, "fields": {"content_type": 12, "object_id": 39, "user": 1, "liked_time": "2020-03-24T05:00:31.110"}}, {"model": "likes.likerecord", "pk": 22, "fields": {"content_type": 12, "object_id": 38, "user": 1, "liked_time": "2020-03-24T05:00:32.974"}}, {"model": "user.profile", "pk": 1, "fields": {"user": 1, "nickname": "\u9648\u767b\u5f3a"}}, {"model": "admin.logentry", "pk": 1, "fields": {"action_time": "2020-02-23T19:24:09.769", "user": 1, "content_type": 7, "object_id": "1", "object_repr": "BlogType object (1)", "action_flag": 1, "change_message": "[{\"added\": {}}]"}}, {"model": "admin.logentry", "pk": 2, "fields": {"action_time": "2020-02-23T19:24:20.708", "user": 1, "content_type": 7, "object_id": "2", "object_repr": "BlogType object (2)", "action_flag": 1, "change_message": "[{\"added\": {}}]"}}, {"model": "admin.logentry", "pk": 3, "fields": {"action_time": "2020-02-23T19:24:23.992", "user": 1, "content_type": 7, "object_id": "3", "object_repr": "BlogType object (3)", "action_flag": 1, "change_message": "[{\"added\": {}}]"}}, {"model": "admin.logentry", "pk": 4, "fields": {"action_time": "2020-02-23T19:27:05.704", "user": 1, "content_type": 8, "object_id": "1", "object_repr": "<Blog: \u7b2c\u4e00\u7bc7\u535a\u5ba2>", "action_flag": 1, "change_message": "[{\"added\": {}}]"}}, {"model": "admin.logentry", "pk": 5, "fields": {"action_time": "2020-02-24T19:36:38.119", "user": 1, "content_type": 8, "object_id": "2", "object_repr": "<Blog: \u7b2c\u4e8c\u7bc7\u535a\u5ba2>", "action_flag": 1, "change_message": "[{\"added\": {}}]"}}, {"model": "admin.logentry", "pk": 6, "fields": {"action_time": "2020-02-24T19:43:24.742", "user": 1, "content_type": 8, "object_id": "2", "object_repr": "<Blog: \u7b2c\u4e8c\u7bc7\u535a\u5ba2>", "action_flag": 3, "change_message": ""}}, {"model": "admin.logentry", "pk": 7, "fields": {"action_time": "2020-02-24T19:43:24.748", "user": 1, "content_type": 8, "object_id": "1", "object_repr": "<Blog: \u7b2c\u4e00\u7bc7\u535a\u5ba2>", "action_flag": 3, "change_message": ""}}, {"model": "admin.logentry", "pk": 8, "fields": {"action_time": "2020-02-24T19:46:13.219", "user": 1, "content_type": 8, "object_id": "3", "object_repr": "<Blog: \u957f\u5185\u5bb9\u7684\u535a\u5ba2>", "action_flag": 1, "change_message": "[{\"added\": {}}]"}}, {"model": "admin.logentry", "pk": 9, "fields": {"action_time": "2020-02-24T20:18:07.538", "user": 1, "content_type": 8, "object_id": "4", "object_repr": "<Blog: \u968f\u7b142>", "action_flag": 1, "change_message": "[{\"added\": {}}]"}}, {"model": "admin.logentry", "pk": 10, "fields": {"action_time": "2020-02-24T20:18:26.986", "user": 1, "content_type": 8, "object_id": "5", "object_repr": "<Blog: Django1>", "action_flag": 1, "change_message": "[{\"added\": {}}]"}}, {"model": "admin.logentry", "pk": 11, "fields": {"action_time": "2020-03-05T17:56:48.613", "user": 1, "content_type": 8, "object_id": "3", "object_repr": "<Blog: \u957f\u5185\u5bb9\u7684\u535a\u5ba2>", "action_flag": 2, "change_message": "[{\"changed\": {\"fields\": [\"content\"]}}]"}}, {"model": "admin.logentry", "pk": 12, "fields": {"action_time": "2020-03-05T18:12:49.922", "user": 1, "content_type": 8, "object_id": "3", "object_repr": "<Blog: \u957f\u5185\u5bb9\u7684\u535a\u5ba2>", "action_flag": 2, "change_message": "[{\"changed\": {\"fields\": [\"content\"]}}]"}}, {"model": "admin.logentry", "pk": 13, "fields": {"action_time": "2020-03-05T18:31:05.530", "user": 1, "content_type": 8, "object_id": "3", "object_repr": "<Blog: \u957f\u5185\u5bb9\u7684\u535a\u5ba2>", "action_flag": 2, "change_message": "[{\"changed\": {\"fields\": [\"content\"]}}]"}}, {"model": "admin.logentry", "pk": 14, "fields": {"action_time": "2020-03-06T15:52:05.485", "user": 1, "content_type": 9, "object_id": "1", "object_repr": "ReadNum object (1)", "action_flag": 1, "change_message": "[{\"added\": {}}]"}}, {"model": "admin.logentry", "pk": 15, "fields": {"action_time": "2020-03-06T18:10:37.727", "user": 1, "content_type": 10, "object_id": "1", "object_repr": "ReadNum object (1)", "action_flag": 1, "change_message": "[{\"added\": {}}]"}}, {"model": "admin.logentry", "pk": 16, "fields": {"action_time": "2020-03-11T11:39:23.177", "user": 1, "content_type": 11, "object_id": "1", "object_repr": "ReadDetail object (1)", "action_flag": 1, "change_message": "[{\"added\": {}}]"}}, {"model": "admin.logentry", "pk": 17, "fields": {"action_time": "2020-03-11T13:34:44.767", "user": 1, "content_type": 11, "object_id": "4", "object_repr": "ReadDetail object (4)", "action_flag": 1, "change_message": "[{\"added\": {}}]"}}, {"model": "admin.logentry", "pk": 18, "fields": {"action_time": "2020-03-11T13:34:56.532", "user": 1, "content_type": 11, "object_id": "4", "object_repr": "ReadDetail object (4)", "action_flag": 2, "change_message": "[{\"changed\": {\"fields\": [\"object_id\"]}}]"}}, {"model": "admin.logentry", "pk": 19, "fields": {"action_time": "2020-03-11T13:35:01.740", "user": 1, "content_type": 11, "object_id": "4", "object_repr": "ReadDetail object (4)", "action_flag": 2, "change_message": "[{\"changed\": {\"fields\": [\"read_num\"]}}]"}}, {"model": "admin.logentry", "pk": 20, "fields": {"action_time": "2020-03-11T13:35:17.320", "user": 1, "content_type": 11, "object_id": "5", "object_repr": "ReadDetail object (5)", "action_flag": 1, "change_message": "[{\"added\": {}}]"}}, {"model": "admin.logentry", "pk": 21, "fields": {"action_time": "2020-03-17T13:44:09.940", "user": 1, "content_type": 12, "object_id": "11", "object_repr": "Comment object (11)", "action_flag": 1, "change_message": "[{\"added\": {}}]"}}, {"model": "admin.logentry", "pk": 22, "fields": {"action_time": "2020-03-17T13:47:36.485", "user": 1, "content_type": 12, "object_id": "11", "object_repr": "123123", "action_flag": 2, "change_message": "[{\"changed\": {\"fields\": [\"parent\"]}}]"}}, {"model": "admin.logentry", "pk": 23, "fields": {"action_time": "2020-03-17T19:48:00.559", "user": 1, "content_type": 12, "object_id": "11", "object_repr": "123123", "action_flag": 2, "change_message": "[{\"changed\": {\"fields\": [\"root\", \"reply_to\"]}}]"}}, {"model": "admin.logentry", "pk": 24, "fields": {"action_time": "2020-03-18T20:40:47.704", "user": 1, "content_type": 12, "object_id": "1", "object_repr": "123", "action_flag": 3, "change_message": ""}}, {"model": "admin.logentry", "pk": 25, "fields": {"action_time": "2020-03-18T20:47:29.240", "user": 1, "content_type": 12, "object_id": "1", "object_repr": "123", "action_flag": 3, "change_message": ""}}, {"model": "admin.logentry", "pk": 26, "fields": {"action_time": "2020-03-25T02:14:49.435", "user": 1, "content_type": 15, "object_id": "1", "object_repr": "<Profile: \u9648\u767b\u5f3a for sub>", "action_flag": 1, "change_message": "[{\"added\": {}}]"}}, {"model": "admin.logentry", "pk": 27, "fields": {"action_time": "2020-03-26T05:22:10.693", "user": 1, "content_type": 4, "object_id": "1", "object_repr": "sub", "action_flag": 2, "change_message": "[{\"changed\": {\"fields\": [\"email\"]}}]"}}, {"model": "admin.logentry", "pk": 28, "fields": {"action_time": "2020-03-26T05:33:39.232", "user": 1, "content_type": 4, "object_id": "1", "object_repr": "sub", "action_flag": 2, "change_message": "[{\"changed\": {\"fields\": [\"email\"]}}]"}}, {"model": "admin.logentry", "pk": 29, "fields": {"action_time": "2020-03-27T05:09:12.912", "user": 1, "content_type": 4, "object_id": "3", "object_repr": "1047776787", "action_flag": 2, "change_message": "[{\"changed\": {\"fields\": [\"is_staff\", \"is_superuser\", \"last_login\"]}}]"}}, {"model": "admin.logentry", "pk": 30, "fields": {"action_time": "2020-03-27T05:09:37.475", "user": 1, "content_type": 4, "object_id": "3", "object_repr": "1047776787", "action_flag": 2, "change_message": "[{\"changed\": {\"fields\": [\"is_superuser\"]}}]"}}]